<?xml version="1.0" encoding="UTF-8" ?>
<parameters>
					<parameter name="randomSeed" displayName="A. Default Random Seed" type="int" 
						defaultValue="__NULL__"
						isReadOnly="false" 
						converter="repast.simphony.parameter.StringConverterFactory$IntConverter"
									
		/>

			<parameter name="Fibroblast_move" displayName="B. Fibroblasts move?" type="boolean" 
						defaultValue="false" 
						isReadOnly="false" 
						converter="repast.simphony.parameter.StringConverterFactory$BooleanConverter"
									
		/>
		
		<parameter name="move_1um" displayName="C. Migration Speed - 1um/hr" type="boolean" 
						defaultValue="false" 
						isReadOnly="false" 
						converter="repast.simphony.parameter.StringConverterFactory$BooleanConverter"
									
		/>

		<parameter name="move_10um" displayName="D. Migration Speed - 10um/hr" type="boolean" 
						defaultValue="false" 
						isReadOnly="false" 
						converter="repast.simphony.parameter.StringConverterFactory$BooleanConverter"
									
		/>
		
		<parameter name="move_100um" displayName="E. Migration Speed - 100um/hr" type="boolean" 
						defaultValue="false" 
						isReadOnly="false" 
						converter="repast.simphony.parameter.StringConverterFactory$BooleanConverter"
									
		/>
				<parameter name="initialFibroblastCount" displayName="F. Initial Fibroblast Count" type="int" 
						defaultValue="100" 
						isReadOnly="false" 
						converter="repast.simphony.parameter.StringConverterFactory$IntConverter"
									
		/>
				<parameter name="gridWidth" displayName="G. Grid Width" type="int" 
						defaultValue="10" 
						isReadOnly="false" 
						converter="repast.simphony.parameter.StringConverterFactory$IntConverter"
									
		/>
				<parameter name="gridHeight" displayName="H. Grid Height" type="int" 
						defaultValue="10" 
						isReadOnly="false" 
						converter="repast.simphony.parameter.StringConverterFactory$IntConverter"
									
		/>
				<parameter name="endTick" displayName="I. Total Simulation Ticks" type="int" 
						defaultValue="1028" 
						isReadOnly="false" 
						converter="repast.simphony.parameter.StringConverterFactory$IntConverter"
									
		/>
				
			
				
		</parameters>


