<?xml version="1.0" encoding="UTF-8" ?>
<parameters>
					<parameter name="randomSeed" displayName="A. Default Random Seed" type="int" 
						defaultValue="__NULL__"
						isReadOnly="false" 
						converter="repast.simphony.parameter.StringConverterFactory$IntConverter"
									
		/>
				<parameter name="gridHeight" displayName="D. Grid Height" type="int" 
						defaultValue="100" 
						isReadOnly="false" 
						converter="repast.simphony.parameter.StringConverterFactory$IntConverter"
									
		/>
				<parameter name="initialFibroblastCount" displayName="B. Initial Fibroblast Count" type="int" 
						defaultValue="100" 
						isReadOnly="false" 
						converter="repast.simphony.parameter.StringConverterFactory$IntConverter"
									
		/>
				<parameter name="degradationTime" displayName="H. Degradation Time" type="double" 
						defaultValue="30.0" 
						isReadOnly="false" 
						converter="repast.simphony.parameter.StringConverterFactory$DoubleConverter"
									
		/>
				<parameter name="mitosisTime" displayName="F. Ticks per Mitosis event" type="int" 
						defaultValue="96" 
						isReadOnly="false" 
						converter="repast.simphony.parameter.StringConverterFactory$IntConverter"
									
		/>
				<parameter name="endTick" displayName="I. Total Simulation Ticks" type="int" 
						defaultValue="1000" 
						isReadOnly="false" 
						converter="repast.simphony.parameter.StringConverterFactory$IntConverter"
									
		/>
				<parameter name="apoptosisTime" displayName="E. Ticks per Apoptosis event" type="int" 
						defaultValue="240" 
						isReadOnly="false" 
						converter="repast.simphony.parameter.StringConverterFactory$IntConverter"
									
		/>
				<parameter name="depositionTime" displayName="G. Deposition Time" type="double" 
						defaultValue="3.0" 
						isReadOnly="false" 
						converter="repast.simphony.parameter.StringConverterFactory$DoubleConverter"
									
		/>
		</parameters>


